,CRM Automations,Persona,Short Description,Status,Description of Failure [if status is not done/incomplete],Evidence of success (the right code/function executing/exhibiting the expected behaviour),Evidence of success - UI (a screenshot showing clearly how the fix we have introduced positively achieves the objective stated by the user),Evidence of failure (what failed in code),Evidence of failure - UI ((a screenshot showing clearly the failure/gap in the expected behaviour as per the user and the actual output),What is the gap/proposed solution to bridge the gap between actual behaviour and expected behaviour which the user wants,Next steps to get this functional in the most efficient way
,US 3.1,Alex (Admin),Actions to create update delete link records and assign owner so automations maintain CRM data,done,,"Automatically tested: test_delete_action_archives_after_confirmation (result says archived); test_assign_owner_accepts_an_active_workspace_member_by_email; test_link_records_creates_a_relation_for_a_workspace_record; test_action_config_accepted_when_panel_fields_present for create_record/update_record/delete_record/assign_owner/link_records; test_action_config_rejected_when_required_panel_fields_missing for each. Delete result includes message=archived. Assign-owner accepts owner_email via CRM _execute_action (API path).","n/a this agent (no UI/live stack). Unit evidence only.",,,,"None for engine. Frontend agent may still need assign-owner form wiring if API-only path was the gap.",Keep action-field tests green; frontend unhide if still hidden in palette is out of this lane.
,US 3.3,Alex (Admin),Send email Slack SMS from automation with validated recipients,done,,"Automatically tested: test_malformed_email_rejected_on_direct_api_config_path; validate_action_configs enforces same literal email rules as builder on create/update via crm_automation + automations API; send_email/send_slack required-field tests in test_action_config_*. Webhook executor now reads webhook_url/http_method/body_template (panel keys).","n/a this agent.",,,,"SMS still has no executor case (hidden by registry historically). Inferred not re-tested live Slack send.","Frontend owns palette. SMS remains deferred."
,US 4.1,Alex (Admin),Conditions with 12 operators that route true/false paths correctly,done,,"Automatically tested: test_advertised_operator parametrized for all 12; test_twelve_advertised_operators_are_implemented; test_unknown_operator_fails_loudly; test_condition_node_takes_true_path_when_field_matches; test_condition_node_takes_false_path_when_field_mismatches; test_condition_unknown_operator_fails_the_step; test_crm_automation_conditions_true_path_allows_run; test_field_alias_attribute_and_field_keys_both_resolve. Shared evaluator in condition_eval.py used by CRM + WorkflowExecutor + Temporal.","n/a this agent.",,,,"Publish validation now allows condition/branch node types in _EXECUTABLE_NODE_TYPES. Palette unhide is frontend lane.","Single command below runs all tests."
,US 4.2,Alex (Admin),Waits honour duration unit including days hours minutes and zero; until-date and event either work or fail clearly,done,,"Automatically tested: test_wait_duration_honours_unit_and_key_aliases; test_wait_reports_duration_seconds_for_days_hours_minutes_zero; test_wait_accepts_legacy_duration_amount_key; Temporal _calculate_duration delegates to wait_duration_seconds. Wait-until-date and wait-for-event require their fields or return failed (not silent success). Dry-run wait: test_wait_and_agent_dry_run_report_not_simulated.","n/a this agent.",,,,"Note for frontend: remove wait-until-date / wait-for-event from palette only if product wants them hidden; engine now fails loud when misconfigured rather than no-op success.","Run suite."
,US 4.3,Alex (Admin),Branch paths carry selection rules and engine selects matching exclusive path,done,,"Automatically tested: test_branch_selects_path_by_selection_rule; test_branch_falls_back_to_unnamed_default_when_no_rule_matches; test_branch_with_only_named_paths_selects_first_fallback. Documented behaviour: exclusive (one path). Rules under conditions/rules/condition; names alone fall back to first path.","n/a this agent.",,,,"Parallel fan-out of multi-edge non-branch nodes remains separate from branch exclusivity.","None."
,US 6.1,Alex (Admin),Required fields enforced before publish/API create,done,,"Automatically tested: test_action_config_accepted_when_panel_fields_present and test_action_config_rejected_when_required_panel_fields_missing cover send_email create_task create_record update_record delete_record assign_owner link_records send_slack enroll/remove sequence notify_user webhook_call. validate_action_configs wired into CRM create/update and platform automations create.","n/a this agent.",,,,"Inferred: canvas publish path already had _ACTION_REQUIRED_FIELDS; API path was the hole.","None."
,US 6.2,Alex (Admin),Literal email addresses validated on API path same as builder,done,,"Automatically tested: test_malformed_email_rejected_on_direct_api_config_path. validate_action_configs rejects non-variable literal emails on to/email_to/email/notify_email for direct API configs.","n/a this agent.",,,,None.,None.
,US 7.1,Alex (Admin),Test mode does not perform side effects; wait and AI-agent report skipped not simulated,done,,"Automatically tested: test_run_agent_dry_run_message_is_not_simulated; test_wait_and_agent_dry_run_report_not_simulated; existing test_workflow_dry_run_safety still green. Wait node + run_agent action return status=skipped message='skipped — not simulated'.","n/a this agent.",,,,None.,None.
,US 7.3,Alex (Admin),error_handling and run_limit_per_month persist and stop/continue/retry plus cap work,done,,"Automatically tested: test_settings_round_trip_error_handling_and_run_cap; test_run_cap_blocks_when_exceeded; test_error_handling_stop_halts_after_failed_step; test_error_handling_continue_runs_remaining_steps; test_error_handling_retry_retries_once_then_succeeds. CRM create API now passes error_handling and run_limit_per_month (were dropped before).","n/a this agent.",,"CRM create_automation route previously omitted error_handling and run_limit_per_month so every create returned defaults.",,,"No migration required — columns already exist on CRMAutomation.",None.
